order_id,customer_id,order_date,product,quantity,shipping_method,payment_method,order_status,order_year,order_month,order_day
ORD00277,CUST0155,2022-01-01,Keyboard,5,Pickup,PayPal,Completed,2022,1,1
ORD00197,CUST0005,2022-01-01,Smartphone,2,Next Day,PayPal,Cancelled,2022,1,1
ORD00191,CUST0105,2022-01-01,Headphones,5,Express,Debit Card,Completed,2022,1,1
ORD00430,CUST0162,2022-01-02,Monitor,2,Express,Debit Card,Completed,2022,1,2
ORD00246,CUST0185,2022-01-03,Keyboard,2,Express,Credit Card,Shipped,2022,1,3
ORD00207,CUST0146,2022-01-03,Smartphone,5,Express,Debit Card,Processing,2022,1,3
ORD00311,CUST0072,2022-01-04,Laptop,1,Standard,Debit Card,Processing,2022,1,4
ORD00230,CUST0198,2022-01-04,Tablet,4,Express,Bank Transfer,Processing,2022,1,4
ORD00286,CUST0148,2022-01-04,Mouse,1,Express,Bank Transfer,Completed,2022,1,4
ORD00023,CUST0127,2022-01-06,Tablet,1,Standard,PayPal,Cancelled,2022,1,6
ORD00041,CUST0038,2022-01-06,Mouse,3,Next Day,Debit Card,Completed,2022,1,6
ORD00296,CUST0046,2022-01-07,Keyboard,1,Express,PayPal,Completed,2022,1,7
ORD00335,CUST0182,2022-01-08,Laptop,4,Express,Bank Transfer,Processing,2022,1,8
ORD00443,CUST0072,2022-01-08,Printer,4,Standard,Credit Card,Processing,2022,1,8
ORD00424,CUST0055,2022-01-09,Smartphone,5,Pickup,Debit Card,Completed,2022,1,9
ORD00021,CUST0180,2022-01-09,Mouse,4,Express,PayPal,Completed,2022,1,9
ORD00445,CUST0067,2022-01-11,Smartphone,5,Standard,Credit Card,Completed,2022,1,11
ORD00300,CUST0104,2022-01-11,Smartphone,4,Next Day,Bank Transfer,Cancelled,2022,1,11
ORD00124,CUST0133,2022-01-13,Smartphone,1,Pickup,Bank Transfer,Shipped,2022,1,13
ORD00032,CUST0187,2022-01-14,Keyboard,5,Express,Debit Card,Completed,2022,1,14
ORD00188,CUST0093,2022-01-16,Printer,2,Next Day,PayPal,Completed,2022,1,16
ORD00182,CUST0001,2022-01-17,Tablet,4,Standard,Debit Card,Completed,2022,1,17
ORD00314,CUST0092,2022-01-17,Laptop,5,Express,Credit Card,Shipped,2022,1,17
ORD00485,CUST0130,2022-01-17,Tablet,2,Next Day,PayPal,Completed,2022,1,17
ORD00180,CUST0076,2022-01-17,Monitor,3,Next Day,Debit Card,Processing,2022,1,17
ORD00146,CUST0134,2022-01-17,Mouse,1,Standard,Credit Card,Completed,2022,1,17
ORD00198,CUST0083,2022-01-18,Headphones,3,Express,Credit Card,Cancelled,2022,1,18
ORD00339,CUST0143,2022-01-19,Tablet,2,Standard,Debit Card,Shipped,2022,1,19
ORD00461,CUST0182,2022-01-20,Laptop,5,Next Day,PayPal,Completed,2022,1,20
ORD00238,CUST0015,2022-01-20,Headphones,5,Standard,Debit Card,Completed,2022,1,20
ORD00422,CUST0008,2022-01-20,Printer,1,Standard,Credit Card,Processing,2022,1,20
ORD00283,CUST0043,2022-01-20,Headphones,4,Pickup,Credit Card,Shipped,2022,1,20
ORD00307,CUST0068,2022-01-20,Laptop,5,Next Day,PayPal,Completed,2022,1,20
ORD00108,CUST0004,2022-01-22,Smartphone,4,Express,PayPal,Processing,2022,1,22
ORD00092,CUST0075,2022-01-22,Monitor,5,Express,Bank Transfer,Completed,2022,1,22
ORD00241,CUST0033,2022-01-22,Laptop,5,Standard,PayPal,Completed,2022,1,22
ORD00379,CUST0114,2022-01-23,Printer,3,Standard,Bank Transfer,Completed,2022,1,23
ORD00288,CUST0074,2022-01-24,Headphones,4,Pickup,Bank Transfer,Completed,2022,1,24
ORD00109,CUST0079,2022-01-24,Monitor,4,Next Day,Bank Transfer,Shipped,2022,1,24
ORD00292,CUST0200,2022-01-25,Laptop,5,Next Day,Debit Card,Cancelled,2022,1,25
ORD00094,CUST0062,2022-01-25,Tablet,3,Express,PayPal,Shipped,2022,1,25
ORD00336,CUST0055,2022-01-25,Headphones,5,Next Day,Credit Card,Completed,2022,1,25
ORD00104,CUST0152,2022-01-27,Mouse,4,Express,Debit Card,Cancelled,2022,1,27
ORD00257,CUST0074,2022-01-28,Smartphone,1,Standard,Credit Card,Completed,2022,1,28
ORD00245,CUST0038,2022-01-29,Laptop,3,Standard,PayPal,Completed,2022,1,29
ORD00436,CUST0135,2022-01-29,Keyboard,3,Next Day,Credit Card,Completed,2022,1,29
ORD00212,CUST0014,2022-01-30,Headphones,5,Pickup,Credit Card,Cancelled,2022,1,30
ORD00002,CUST0045,2022-01-30,Mouse,1,Express,PayPal,Shipped,2022,1,30
ORD00012,CUST0048,2022-01-31,Laptop,2,Next Day,Credit Card,Processing,2022,1,31
ORD00224,CUST0053,2022-02-01,Printer,3,Standard,Bank Transfer,Shipped,2022,2,1
ORD00343,CUST0137,2022-02-02,Headphones,1,Pickup,PayPal,Cancelled,2022,2,2
ORD00409,CUST0018,2022-02-05,Printer,3,Standard,PayPal,Completed,2022,2,5
ORD00119,CUST0136,2022-02-05,Keyboard,5,Standard,Debit Card,Completed,2022,2,5
ORD00010,CUST0107,2022-02-05,Smartphone,2,Express,Debit Card,Cancelled,2022,2,5
ORD00303,CUST0104,2022-02-05,Mouse,4,Next Day,Bank Transfer,Cancelled,2022,2,5
ORD00482,CUST0197,2022-02-06,Smartphone,5,Next Day,Debit Card,Processing,2022,2,6
ORD00118,CUST0079,2022-02-07,Tablet,1,Standard,Credit Card,Completed,2022,2,7
ORD00466,CUST0074,2022-02-09,Keyboard,4,Pickup,Credit Card,Completed,2022,2,9
ORD00004,CUST0073,2022-02-09,Tablet,1,Express,Bank Transfer,Completed,2022,2,9
ORD00229,CUST0179,2022-02-10,Smartphone,2,Next Day,Credit Card,Completed,2022,2,10
ORD00388,CUST0086,2022-02-10,Laptop,1,Pickup,Credit Card,Completed,2022,2,10
ORD00363,CUST0108,2022-02-11,Headphones,5,Express,Credit Card,Cancelled,2022,2,11
ORD00271,CUST0157,2022-02-11,Monitor,4,Pickup,PayPal,Completed,2022,2,11
ORD00406,CUST0144,2022-02-12,Smartphone,3,Standard,Debit Card,Completed,2022,2,12
ORD00260,CUST0038,2022-02-13,Tablet,1,Pickup,Bank Transfer,Cancelled,2022,2,13
ORD00474,CUST0147,2022-02-13,Keyboard,4,Express,Credit Card,Processing,2022,2,13
ORD00158,CUST0065,2022-02-15,Laptop,3,Express,Debit Card,Completed,2022,2,15
ORD00295,CUST0090,2022-02-17,Tablet,5,Express,Bank Transfer,Completed,2022,2,17
ORD00189,CUST0072,2022-02-18,Smartphone,3,Express,PayPal,Completed,2022,2,18
ORD00185,CUST0150,2022-02-21,Keyboard,1,Next Day,Bank Transfer,Processing,2022,2,21
ORD00367,CUST0025,2022-02-22,Tablet,4,Next Day,Debit Card,Cancelled,2022,2,22
ORD00282,CUST0026,2022-02-23,Monitor,5,Express,Credit Card,Completed,2022,2,23
ORD00453,CUST0088,2022-02-23,Tablet,5,Pickup,Credit Card,Completed,2022,2,23
ORD00046,CUST0028,2022-02-23,Mouse,2,Express,Bank Transfer,Shipped,2022,2,23
ORD00433,CUST0055,2022-02-24,Laptop,3,Pickup,Credit Card,Shipped,2022,2,24
ORD00290,CUST0038,2022-02-25,Monitor,1,Next Day,PayPal,Shipped,2022,2,25
ORD00116,CUST0185,2022-02-26,Laptop,3,Pickup,Bank Transfer,Processing,2022,2,26
ORD00287,CUST0011,2022-02-28,Laptop,1,Express,Bank Transfer,Completed,2022,2,28
ORD00061,CUST0146,2022-02-28,Monitor,3,Pickup,Bank Transfer,Completed,2022,2,28
ORD00123,CUST0044,2022-03-01,Smartphone,5,Next Day,Credit Card,Completed,2022,3,1
ORD00293,CUST0023,2022-03-01,Mouse,5,Standard,PayPal,Processing,2022,3,1
ORD00009,CUST0094,2022-03-01,Laptop,3,Next Day,PayPal,Shipped,2022,3,1
ORD00215,CUST0125,2022-03-02,Headphones,4,Express,Debit Card,Completed,2022,3,2
ORD00448,CUST0092,2022-03-02,Keyboard,5,Pickup,Debit Card,Shipped,2022,3,2
ORD00364,CUST0179,2022-03-04,Headphones,5,Next Day,Debit Card,Completed,2022,3,4
ORD00192,CUST0014,2022-03-04,Laptop,5,Next Day,Bank Transfer,Completed,2022,3,4
ORD00454,CUST0078,2022-03-05,Printer,4,Standard,Credit Card,Completed,2022,3,5
ORD00075,CUST0026,2022-03-07,Printer,3,Express,PayPal,Cancelled,2022,3,7
ORD00216,CUST0166,2022-03-08,Tablet,5,Express,Bank Transfer,Cancelled,2022,3,8
ORD00359,CUST0017,2022-03-09,Mouse,4,Express,Bank Transfer,Completed,2022,3,9
ORD00148,CUST0010,2022-03-09,Monitor,4,Pickup,Credit Card,Completed,2022,3,9
ORD00110,CUST0134,2022-03-09,Headphones,1,Express,PayPal,Completed,2022,3,9
ORD00186,CUST0060,2022-03-10,Smartphone,5,Pickup,PayPal,Shipped,2022,3,10
ORD00167,CUST0163,2022-03-11,Printer,2,Pickup,Bank Transfer,Completed,2022,3,11
ORD00425,CUST0103,2022-03-12,Mouse,2,Pickup,Credit Card,Completed,2022,3,12
ORD00327,CUST0149,2022-03-12,Printer,2,Standard,Credit Card,Completed,2022,3,12
ORD00040,CUST0018,2022-03-12,Laptop,5,Next Day,Bank Transfer,Processing,2022,3,12
ORD00064,CUST0034,2022-03-13,Keyboard,1,Express,Bank Transfer,Completed,2022,3,13
ORD00117,CUST0194,2022-03-13,Mouse,5,Standard,Bank Transfer,Processing,2022,3,13
ORD00356,CUST0135,2022-03-14,Smartphone,4,Express,Bank Transfer,Processing,2022,3,14
ORD00268,CUST0157,2022-03-14,Tablet,5,Pickup,PayPal,Completed,2022,3,14
ORD00310,CUST0037,2022-03-15,Headphones,5,Next Day,Credit Card,Processing,2022,3,15
ORD00329,CUST0110,2022-03-15,Mouse,2,Pickup,Bank Transfer,Shipped,2022,3,15
ORD00281,CUST0036,2022-03-16,Printer,1,Next Day,Debit Card,Shipped,2022,3,16
ORD00022,CUST0047,2022-03-16,Mouse,3,Pickup,Debit Card,Completed,2022,3,16
ORD00447,CUST0097,2022-03-16,Tablet,2,Next Day,PayPal,Completed,2022,3,16
ORD00138,CUST0038,2022-03-17,Tablet,2,Pickup,PayPal,Completed,2022,3,17
ORD00413,CUST0175,2022-03-17,Tablet,1,Express,Bank Transfer,Completed,2022,3,17
ORD00423,CUST0157,2022-03-18,Smartphone,4,Express,Credit Card,Completed,2022,3,18
ORD00054,CUST0145,2022-03-19,Tablet,1,Pickup,Bank Transfer,Cancelled,2022,3,19
ORD00103,CUST0036,2022-03-20,Mouse,3,Pickup,Credit Card,Cancelled,2022,3,20
ORD00265,CUST0180,2022-03-20,Printer,2,Next Day,Debit Card,Completed,2022,3,20
ORD00200,CUST0078,2022-03-20,Headphones,1,Standard,Bank Transfer,Shipped,2022,3,20
ORD00278,CUST0095,2022-03-20,Monitor,2,Express,PayPal,Processing,2022,3,20
ORD00462,CUST0142,2022-03-23,Keyboard,4,Next Day,Credit Card,Shipped,2022,3,23
ORD00137,CUST0064,2022-03-23,Headphones,2,Next Day,Credit Card,Shipped,2022,3,23
ORD00403,CUST0049,2022-03-24,Laptop,1,Express,Debit Card,Cancelled,2022,3,24
ORD00226,CUST0104,2022-03-26,Monitor,4,Express,Debit Card,Completed,2022,3,26
ORD00181,CUST0035,2022-03-26,Headphones,2,Standard,Credit Card,Processing,2022,3,26
ORD00415,CUST0113,2022-03-28,Printer,5,Standard,Credit Card,Completed,2022,3,28
ORD00178,CUST0137,2022-03-30,Smartphone,4,Standard,Credit Card,Processing,2022,3,30
ORD00122,CUST0173,2022-04-01,Laptop,3,Standard,Credit Card,Processing,2022,4,1
ORD00239,CUST0111,2022-04-02,Headphones,4,Standard,Debit Card,Cancelled,2022,4,2
ORD00084,CUST0181,2022-04-03,Tablet,1,Standard,Credit Card,Shipped,2022,4,3
ORD00007,CUST0121,2022-04-03,Printer,5,Express,Credit Card,Processing,2022,4,3
ORD00270,CUST0005,2022-04-03,Mouse,4,Pickup,Debit Card,Cancelled,2022,4,3
ORD00034,CUST0115,2022-04-04,Mouse,4,Standard,Credit Card,Completed,2022,4,4
ORD00496,CUST0099,2022-04-04,Monitor,4,Express,Debit Card,Processing,2022,4,4
ORD00225,CUST0104,2022-04-06,Tablet,1,Next Day,Credit Card,Cancelled,2022,4,6
ORD00456,CUST0120,2022-04-07,Monitor,2,Standard,Credit Card,Processing,2022,4,7
ORD00439,CUST0065,2022-04-08,Keyboard,1,Pickup,Bank Transfer,Completed,2022,4,8
ORD00279,CUST0115,2022-04-08,Laptop,4,Standard,Credit Card,Completed,2022,4,8
ORD00463,CUST0055,2022-04-09,Tablet,2,Standard,PayPal,Shipped,2022,4,9
ORD00441,CUST0067,2022-04-11,Smartphone,3,Express,Credit Card,Processing,2022,4,11
ORD00227,CUST0179,2022-04-11,Monitor,2,Next Day,PayPal,Completed,2022,4,11
ORD00381,CUST0199,2022-04-11,Printer,2,Standard,PayPal,Completed,2022,4,11
ORD00047,CUST0039,2022-04-12,Smartphone,2,Standard,Debit Card,Shipped,2022,4,12
ORD00220,CUST0143,2022-04-13,Headphones,4,Pickup,Bank Transfer,Completed,2022,4,13
ORD00450,CUST0162,2022-04-15,Laptop,5,Next Day,PayPal,Completed,2022,4,15
ORD00071,CUST0169,2022-04-15,Monitor,4,Standard,Debit Card,Processing,2022,4,15
ORD00412,CUST0115,2022-04-15,Tablet,2,Standard,PayPal,Cancelled,2022,4,15
ORD00400,CUST0032,2022-04-16,Keyboard,4,Pickup,Credit Card,Shipped,2022,4,16
ORD00317,CUST0137,2022-04-16,Monitor,1,Next Day,PayPal,Processing,2022,4,16
ORD00165,CUST0152,2022-04-17,Printer,2,Pickup,Debit Card,Processing,2022,4,17
ORD00497,CUST0086,2022-04-22,Headphones,2,Next Day,PayPal,Completed,2022,4,22
ORD00377,CUST0154,2022-04-24,Mouse,5,Standard,Debit Card,Completed,2022,4,24
ORD00434,CUST0032,2022-04-24,Smartphone,5,Standard,PayPal,Completed,2022,4,24
ORD00228,CUST0039,2022-04-24,Keyboard,5,Express,Bank Transfer,Processing,2022,4,24
ORD00027,CUST0078,2022-04-25,Smartphone,1,Next Day,Bank Transfer,Completed,2022,4,25
ORD00036,CUST0003,2022-04-25,Printer,3,Express,PayPal,Completed,2022,4,25
ORD00237,CUST0192,2022-04-25,Monitor,2,Express,Bank Transfer,Processing,2022,4,25
ORD00322,CUST0011,2022-04-26,Keyboard,4,Pickup,Debit Card,Completed,2022,4,26
ORD00162,CUST0017,2022-04-26,Monitor,1,Standard,PayPal,Cancelled,2022,4,26
ORD00205,CUST0042,2022-04-27,Printer,3,Standard,Debit Card,Cancelled,2022,4,27
ORD00145,CUST0161,2022-04-28,Mouse,5,Express,Bank Transfer,Completed,2022,4,28
ORD00223,CUST0194,2022-04-29,Headphones,1,Next Day,PayPal,Processing,2022,4,29
ORD00394,CUST0001,2022-04-30,Tablet,5,Next Day,Debit Card,Shipped,2022,4,30
ORD00152,CUST0172,2022-04-30,Tablet,2,Standard,Bank Transfer,Cancelled,2022,4,30
ORD00490,CUST0005,2022-05-02,Smartphone,5,Express,Bank Transfer,Completed,2022,5,2
ORD00057,CUST0068,2022-05-02,Mouse,3,Pickup,Debit Card,Completed,2022,5,2
ORD00402,CUST0029,2022-05-02,Tablet,1,Pickup,PayPal,Completed,2022,5,2
ORD00176,CUST0117,2022-05-03,Printer,3,Express,Debit Card,Shipped,2022,5,3
ORD00048,CUST0185,2022-05-04,Monitor,2,Next Day,PayPal,Completed,2022,5,4
ORD00093,CUST0190,2022-05-04,Laptop,5,Next Day,Bank Transfer,Completed,2022,5,4
ORD00018,CUST0008,2022-05-04,Laptop,4,Next Day,Credit Card,Processing,2022,5,4
ORD00099,CUST0137,2022-05-05,Smartphone,4,Express,Credit Card,Completed,2022,5,5
ORD00042,CUST0115,2022-05-05,Smartphone,1,Standard,PayPal,Processing,2022,5,5
ORD00151,CUST0138,2022-05-06,Monitor,2,Standard,PayPal,Completed,2022,5,6
ORD00079,CUST0059,2022-05-06,Tablet,4,Standard,PayPal,Completed,2022,5,6
ORD00435,CUST0178,2022-05-06,Printer,5,Pickup,PayPal,Cancelled,2022,5,6
ORD00432,CUST0087,2022-05-06,Keyboard,3,Pickup,Bank Transfer,Completed,2022,5,6
ORD00077,CUST0187,2022-05-08,Monitor,1,Next Day,Bank Transfer,Completed,2022,5,8
ORD00446,CUST0051,2022-05-08,Printer,3,Pickup,Bank Transfer,Shipped,2022,5,8
ORD00418,CUST0179,2022-05-09,Mouse,4,Standard,Bank Transfer,Processing,2022,5,9
ORD00038,CUST0151,2022-05-09,Smartphone,5,Express,Bank Transfer,Completed,2022,5,9
ORD00352,CUST0090,2022-05-10,Laptop,2,Standard,Debit Card,Cancelled,2022,5,10
ORD00366,CUST0152,2022-05-12,Laptop,2,Express,Bank Transfer,Cancelled,2022,5,12
ORD00480,CUST0129,2022-05-12,Headphones,3,Next Day,Debit Card,Completed,2022,5,12
ORD00262,CUST0159,2022-05-12,Keyboard,1,Express,Bank Transfer,Completed,2022,5,12
ORD00211,CUST0104,2022-05-12,Smartphone,1,Express,PayPal,Completed,2022,5,12
ORD00500,CUST0081,2022-05-13,Keyboard,4,Pickup,PayPal,Shipped,2022,5,13
ORD00253,CUST0066,2022-05-14,Mouse,5,Next Day,Bank Transfer,Processing,2022,5,14
ORD00334,CUST0063,2022-05-14,Smartphone,4,Pickup,Debit Card,Completed,2022,5,14
ORD00391,CUST0104,2022-05-15,Mouse,3,Standard,PayPal,Shipped,2022,5,15
ORD00273,CUST0068,2022-05-15,Mouse,3,Pickup,Credit Card,Shipped,2022,5,15
ORD00236,CUST0042,2022-05-15,Headphones,3,Standard,Debit Card,Shipped,2022,5,15
ORD00385,CUST0177,2022-05-15,Printer,2,Standard,Debit Card,Shipped,2022,5,15
ORD00217,CUST0097,2022-05-16,Smartphone,4,Next Day,Bank Transfer,Completed,2022,5,16
ORD00062,CUST0111,2022-05-17,Keyboard,3,Next Day,Credit Card,Completed,2022,5,17
ORD00105,CUST0006,2022-05-17,Keyboard,1,Express,Debit Card,Shipped,2022,5,17
ORD00429,CUST0110,2022-05-17,Keyboard,3,Express,PayPal,Completed,2022,5,17
ORD00272,CUST0047,2022-05-18,Keyboard,5,Pickup,Bank Transfer,Shipped,2022,5,18
ORD00382,CUST0081,2022-05-18,Tablet,5,Standard,Debit Card,Completed,2022,5,18
ORD00478,CUST0082,2022-05-18,Laptop,5,Next Day,Bank Transfer,Shipped,2022,5,18
ORD00263,CUST0047,2022-05-18,Keyboard,1,Pickup,Credit Card,Shipped,2022,5,18
ORD00095,CUST0094,2022-05-18,Headphones,2,Pickup,Bank Transfer,Completed,2022,5,18
ORD00143,CUST0077,2022-05-19,Monitor,1,Next Day,Bank Transfer,Completed,2022,5,19
ORD00470,CUST0085,2022-05-19,Tablet,2,Standard,Debit Card,Shipped,2022,5,19
ORD00133,CUST0047,2022-05-19,Tablet,1,Pickup,Bank Transfer,Processing,2022,5,19
ORD00132,CUST0140,2022-05-19,Keyboard,4,Standard,PayPal,Shipped,2022,5,19
ORD00421,CUST0129,2022-05-19,Keyboard,2,Standard,Debit Card,Completed,2022,5,19
ORD00058,CUST0138,2022-05-23,Tablet,4,Express,Debit Card,Shipped,2022,5,23
ORD00348,CUST0169,2022-05-26,Mouse,2,Pickup,Credit Card,Shipped,2022,5,26
ORD00078,CUST0184,2022-05-27,Mouse,2,Pickup,Credit Card,Processing,2022,5,27
ORD00120,CUST0026,2022-05-27,Tablet,2,Next Day,PayPal,Completed,2022,5,27
ORD00174,CUST0178,2022-05-29,Printer,2,Express,Debit Card,Completed,2022,5,29
ORD00096,CUST0095,2022-05-30,Printer,4,Standard,Debit Card,Completed,2022,5,30
ORD00193,CUST0060,2022-05-31,Headphones,5,Express,PayPal,Completed,2022,5,31
ORD00008,CUST0056,2022-06-01,Printer,3,Standard,Debit Card,Cancelled,2022,6,1
ORD00114,CUST0179,2022-06-01,Monitor,5,Pickup,PayPal,Cancelled,2022,6,1
ORD00370,CUST0198,2022-06-03,Laptop,1,Next Day,Bank Transfer,Shipped,2022,6,3
ORD00397,CUST0123,2022-06-03,Tablet,2,Express,Credit Card,Completed,2022,6,3
ORD00392,CUST0049,2022-06-03,Keyboard,1,Pickup,Bank Transfer,Shipped,2022,6,3
ORD00017,CUST0001,2022-06-04,Keyboard,4,Standard,Credit Card,Completed,2022,6,4
ORD00107,CUST0075,2022-06-04,Laptop,4,Next Day,Credit Card,Shipped,2022,6,4
ORD00491,CUST0037,2022-06-04,Monitor,2,Express,PayPal,Completed,2022,6,4
ORD00101,CUST0031,2022-06-06,Headphones,4,Express,Bank Transfer,Completed,2022,6,6
ORD00043,CUST0015,2022-06-06,Laptop,3,Express,Debit Card,Processing,2022,6,6
ORD00495,CUST0172,2022-06-06,Keyboard,5,Express,PayPal,Processing,2022,6,6
ORD00029,CUST0109,2022-06-06,Keyboard,3,Next Day,PayPal,Completed,2022,6,6
ORD00361,CUST0171,2022-06-06,Keyboard,1,Standard,Credit Card,Shipped,2022,6,6
ORD00111,CUST0118,2022-06-06,Monitor,1,Pickup,Debit Card,Processing,2022,6,6
ORD00353,CUST0075,2022-06-06,Smartphone,1,Standard,Debit Card,Completed,2022,6,6
ORD00136,CUST0142,2022-06-06,Laptop,1,Pickup,Bank Transfer,Completed,2022,6,6
ORD00056,CUST0025,2022-06-08,Headphones,5,Next Day,Credit Card,Completed,2022,6,8
ORD00089,CUST0112,2022-06-09,Printer,4,Pickup,Debit Card,Processing,2022,6,9
ORD00179,CUST0162,2022-06-10,Laptop,2,Express,Debit Card,Cancelled,2022,6,10
ORD00203,CUST0132,2022-06-10,Laptop,4,Pickup,Debit Card,Completed,2022,6,10
ORD00067,CUST0168,2022-06-11,Keyboard,5,Standard,Credit Card,Shipped,2022,6,11
ORD00346,CUST0117,2022-06-12,Tablet,2,Next Day,Credit Card,Processing,2022,6,12
ORD00070,CUST0042,2022-06-13,Keyboard,3,Next Day,PayPal,Shipped,2022,6,13
ORD00155,CUST0168,2022-06-13,Keyboard,2,Pickup,Debit Card,Completed,2022,6,13
ORD00411,CUST0078,2022-06-15,Keyboard,2,Express,Bank Transfer,Processing,2022,6,15
ORD00140,CUST0126,2022-06-15,Smartphone,1,Standard,Debit Card,Completed,2022,6,15
ORD00112,CUST0113,2022-06-18,Tablet,4,Pickup,PayPal,Cancelled,2022,6,18
ORD00398,CUST0184,2022-06-18,Tablet,5,Pickup,Bank Transfer,Processing,2022,6,18
ORD00169,CUST0095,2022-06-19,Keyboard,4,Standard,Credit Card,Completed,2022,6,19
ORD00393,CUST0071,2022-06-19,Smartphone,1,Pickup,Debit Card,Processing,2022,6,19
ORD00407,CUST0168,2022-06-20,Laptop,4,Standard,Bank Transfer,Processing,2022,6,20
ORD00243,CUST0164,2022-06-20,Keyboard,5,Next Day,Bank Transfer,Completed,2022,6,20
ORD00320,CUST0040,2022-06-20,Keyboard,4,Pickup,Credit Card,Completed,2022,6,20
ORD00498,CUST0108,2022-06-20,Smartphone,3,Pickup,Bank Transfer,Completed,2022,6,20
ORD00342,CUST0053,2022-06-20,Keyboard,5,Express,PayPal,Completed,2022,6,20
ORD00199,CUST0123,2022-06-21,Mouse,5,Pickup,Bank Transfer,Processing,2022,6,21
ORD00380,CUST0049,2022-06-21,Tablet,4,Express,Debit Card,Cancelled,2022,6,21
ORD00020,CUST0099,2022-06-22,Laptop,2,Standard,Debit Card,Completed,2022,6,22
ORD00275,CUST0173,2022-06-23,Keyboard,3,Next Day,Bank Transfer,Processing,2022,6,23
ORD00055,CUST0013,2022-06-26,Laptop,5,Express,Debit Card,Processing,2022,6,26
ORD00451,CUST0035,2022-06-27,Mouse,4,Standard,Debit Card,Cancelled,2022,6,27
ORD00147,CUST0178,2022-06-27,Smartphone,5,Pickup,PayPal,Cancelled,2022,6,27
ORD00031,CUST0014,2022-07-01,Headphones,2,Standard,Debit Card,Processing,2022,7,1
ORD00473,CUST0125,2022-07-02,Headphones,4,Pickup,Debit Card,Completed,2022,7,2
ORD00419,CUST0063,2022-07-03,Printer,5,Pickup,Bank Transfer,Processing,2022,7,3
ORD00324,CUST0001,2022-07-04,Monitor,2,Next Day,Debit Card,Cancelled,2022,7,4
ORD00033,CUST0056,2022-07-05,Tablet,4,Standard,Credit Card,Completed,2022,7,5
ORD00028,CUST0130,2022-07-06,Keyboard,2,Pickup,Bank Transfer,Processing,2022,7,6
ORD00013,CUST0061,2022-07-06,Mouse,4,Standard,Bank Transfer,Cancelled,2022,7,6
ORD00449,CUST0008,2022-07-08,Keyboard,4,Standard,Credit Card,Cancelled,2022,7,8
ORD00053,CUST0025,2022-07-09,Keyboard,5,Pickup,Debit Card,Processing,2022,7,9
ORD00493,CUST0137,2022-07-10,Mouse,2,Pickup,Debit Card,Completed,2022,7,10
ORD00060,CUST0109,2022-07-10,Smartphone,4,Express,Debit Card,Completed,2022,7,10
ORD00355,CUST0130,2022-07-11,Laptop,1,Standard,Bank Transfer,Completed,2022,7,11
ORD00396,CUST0179,2022-07-11,Printer,4,Express,Credit Card,Shipped,2022,7,11
ORD00049,CUST0017,2022-07-13,Headphones,5,Standard,Credit Card,Cancelled,2022,7,13
ORD00383,CUST0084,2022-07-14,Mouse,4,Pickup,Credit Card,Shipped,2022,7,14
ORD00459,CUST0196,2022-07-14,Tablet,2,Pickup,Bank Transfer,Completed,2022,7,14
ORD00173,CUST0188,2022-07-15,Mouse,4,Next Day,Debit Card,Completed,2022,7,15
ORD00150,CUST0151,2022-07-16,Keyboard,2,Pickup,Bank Transfer,Processing,2022,7,16
ORD00333,CUST0001,2022-07-16,Keyboard,2,Pickup,Credit Card,Completed,2022,7,16
ORD00401,CUST0158,2022-07-16,Laptop,5,Pickup,PayPal,Completed,2022,7,16
ORD00130,CUST0020,2022-07-17,Laptop,1,Pickup,Credit Card,Cancelled,2022,7,17
ORD00233,CUST0135,2022-07-17,Printer,4,Express,Bank Transfer,Cancelled,2022,7,17
ORD00387,CUST0118,2022-07-21,Headphones,5,Standard,Credit Card,Processing,2022,7,21
ORD00266,CUST0184,2022-07-21,Printer,3,Pickup,PayPal,Cancelled,2022,7,21
ORD00083,CUST0033,2022-07-23,Monitor,1,Pickup,Debit Card,Shipped,2022,7,23
ORD00316,CUST0122,2022-07-23,Monitor,5,Next Day,Credit Card,Cancelled,2022,7,23
ORD00125,CUST0070,2022-07-24,Keyboard,1,Express,PayPal,Completed,2022,7,24
ORD00384,CUST0105,2022-07-27,Keyboard,3,Pickup,Credit Card,Cancelled,2022,7,27
ORD00068,CUST0113,2022-07-27,Laptop,5,Standard,Bank Transfer,Processing,2022,7,27
ORD00051,CUST0126,2022-07-31,Smartphone,1,Next Day,Bank Transfer,Completed,2022,7,31
ORD00358,CUST0091,2022-08-01,Printer,1,Express,PayPal,Completed,2022,8,1
ORD00331,CUST0182,2022-08-01,Tablet,1,Standard,Bank Transfer,Cancelled,2022,8,1
ORD00357,CUST0162,2022-08-03,Tablet,3,Next Day,Credit Card,Processing,2022,8,3
ORD00318,CUST0051,2022-08-04,Tablet,1,Pickup,Credit Card,Completed,2022,8,4
ORD00259,CUST0118,2022-08-04,Mouse,2,Express,Bank Transfer,Shipped,2022,8,4
ORD00141,CUST0139,2022-08-04,Keyboard,2,Next Day,Debit Card,Completed,2022,8,4
ORD00248,CUST0155,2022-08-05,Laptop,2,Express,Debit Card,Completed,2022,8,5
ORD00183,CUST0040,2022-08-05,Smartphone,4,Standard,Credit Card,Completed,2022,8,5
ORD00073,CUST0006,2022-08-06,Smartphone,1,Standard,Debit Card,Cancelled,2022,8,6
ORD00069,CUST0083,2022-08-07,Smartphone,5,Pickup,Credit Card,Completed,2022,8,7
ORD00305,CUST0171,2022-08-08,Laptop,2,Next Day,Debit Card,Completed,2022,8,8
ORD00149,CUST0005,2022-08-09,Tablet,2,Pickup,Bank Transfer,Shipped,2022,8,9
ORD00458,CUST0144,2022-08-09,Tablet,2,Standard,Debit Card,Completed,2022,8,9
ORD00172,CUST0062,2022-08-10,Keyboard,4,Standard,Debit Card,Shipped,2022,8,10
ORD00330,CUST0164,2022-08-11,Printer,5,Pickup,Credit Card,Processing,2022,8,11
ORD00338,CUST0168,2022-08-11,Monitor,2,Next Day,Debit Card,Completed,2022,8,11
ORD00483,CUST0148,2022-08-12,Smartphone,4,Next Day,Bank Transfer,Processing,2022,8,12
ORD00369,CUST0180,2022-08-13,Smartphone,2,Pickup,Debit Card,Completed,2022,8,13
ORD00479,CUST0002,2022-08-13,Tablet,2,Pickup,Credit Card,Cancelled,2022,8,13
ORD00072,CUST0101,2022-08-13,Mouse,3,Pickup,Bank Transfer,Cancelled,2022,8,13
ORD00481,CUST0047,2022-08-14,Headphones,5,Next Day,Debit Card,Cancelled,2022,8,14
ORD00208,CUST0040,2022-08-14,Tablet,5,Express,Credit Card,Completed,2022,8,14
ORD00452,CUST0096,2022-08-15,Printer,3,Pickup,PayPal,Completed,2022,8,15
ORD00128,CUST0068,2022-08-17,Printer,3,Standard,PayPal,Processing,2022,8,17
ORD00157,CUST0084,2022-08-17,Smartphone,1,Express,Credit Card,Shipped,2022,8,17
ORD00373,CUST0177,2022-08-18,Smartphone,1,Standard,PayPal,Completed,2022,8,18
ORD00081,CUST0198,2022-08-19,Tablet,5,Pickup,Credit Card,Completed,2022,8,19
ORD00202,CUST0062,2022-08-19,Headphones,3,Express,Bank Transfer,Completed,2022,8,19
ORD00399,CUST0062,2022-08-20,Monitor,3,Express,Debit Card,Completed,2022,8,20
ORD00066,CUST0008,2022-08-20,Smartphone,4,Pickup,Debit Card,Completed,2022,8,20
ORD00431,CUST0124,2022-08-20,Keyboard,4,Pickup,Credit Card,Completed,2022,8,20
ORD00289,CUST0104,2022-08-20,Headphones,4,Next Day,PayPal,Completed,2022,8,20
ORD00408,CUST0019,2022-08-22,Headphones,2,Pickup,Bank Transfer,Completed,2022,8,22
ORD00440,CUST0057,2022-08-22,Tablet,4,Next Day,Credit Card,Completed,2022,8,22
ORD00088,CUST0070,2022-08-22,Tablet,3,Standard,Bank Transfer,Processing,2022,8,22
ORD00308,CUST0133,2022-08-23,Keyboard,4,Next Day,Credit Card,Processing,2022,8,23
ORD00309,CUST0120,2022-08-24,Mouse,2,Standard,PayPal,Processing,2022,8,24
ORD00465,CUST0007,2022-08-24,Laptop,3,Next Day,Credit Card,Completed,2022,8,24
ORD00306,CUST0100,2022-08-25,Printer,1,Standard,Debit Card,Shipped,2022,8,25
ORD00313,CUST0106,2022-08-27,Laptop,5,Pickup,Debit Card,Processing,2022,8,27
ORD00090,CUST0004,2022-08-28,Tablet,1,Express,PayPal,Cancelled,2022,8,28
ORD00139,CUST0037,2022-08-28,Tablet,4,Express,Bank Transfer,Processing,2022,8,28
ORD00321,CUST0041,2022-08-29,Keyboard,2,Standard,PayPal,Completed,2022,8,29
ORD00484,CUST0011,2022-08-29,Printer,1,Pickup,Bank Transfer,Completed,2022,8,29
ORD00455,CUST0032,2022-09-01,Printer,3,Next Day,Bank Transfer,Cancelled,2022,9,1
ORD00001,CUST0078,2022-09-02,Smartphone,3,Next Day,Credit Card,Completed,2022,9,2
ORD00428,CUST0010,2022-09-03,Printer,4,Express,PayPal,Completed,2022,9,3
ORD00312,CUST0127,2022-09-04,Headphones,3,Standard,Debit Card,Cancelled,2022,9,4
ORD00376,CUST0150,2022-09-04,Smartphone,5,Express,Bank Transfer,Completed,2022,9,4
ORD00121,CUST0179,2022-09-05,Smartphone,2,Next Day,Credit Card,Processing,2022,9,5
ORD00209,CUST0072,2022-09-05,Headphones,1,Standard,Debit Card,Completed,2022,9,5
ORD00026,CUST0028,2022-09-06,Smartphone,2,Pickup,Credit Card,Completed,2022,9,6
ORD00161,CUST0073,2022-09-07,Headphones,3,Pickup,Debit Card,Processing,2022,9,7
ORD00159,CUST0063,2022-09-07,Headphones,5,Pickup,Credit Card,Completed,2022,9,7
ORD00195,CUST0035,2022-09-12,Keyboard,4,Express,Debit Card,Completed,2022,9,12
ORD00442,CUST0187,2022-09-12,Tablet,3,Pickup,Credit Card,Completed,2022,9,12
ORD00477,CUST0188,2022-09-13,Smartphone,4,Pickup,Debit Card,Completed,2022,9,13
ORD00006,CUST0047,2022-09-13,Headphones,4,Pickup,Credit Card,Cancelled,2022,9,13
ORD00386,CUST0148,2022-09-13,Keyboard,2,Next Day,Bank Transfer,Completed,2022,9,13
ORD00063,CUST0111,2022-09-14,Laptop,3,Standard,Bank Transfer,Cancelled,2022,9,14
ORD00082,CUST0121,2022-09-14,Keyboard,3,Express,Credit Card,Shipped,2022,9,14
ORD00085,CUST0150,2022-09-16,Smartphone,4,Pickup,Debit Card,Cancelled,2022,9,16
ORD00487,CUST0119,2022-09-16,Mouse,2,Express,PayPal,Processing,2022,9,16
ORD00264,CUST0109,2022-09-17,Smartphone,4,Standard,Bank Transfer,Cancelled,2022,9,17
ORD00102,CUST0040,2022-09-17,Printer,2,Next Day,Credit Card,Completed,2022,9,17
ORD00414,CUST0194,2022-09-17,Smartphone,3,Standard,PayPal,Processing,2022,9,17
ORD00019,CUST0113,2022-09-17,Headphones,4,Standard,Credit Card,Completed,2022,9,17
ORD00494,CUST0053,2022-09-17,Keyboard,3,Pickup,Bank Transfer,Cancelled,2022,9,17
ORD00294,CUST0047,2022-09-18,Laptop,4,Next Day,Debit Card,Cancelled,2022,9,18
ORD00052,CUST0044,2022-09-19,Mouse,3,Next Day,PayPal,Processing,2022,9,19
ORD00354,CUST0038,2022-09-19,Laptop,2,Express,Bank Transfer,Cancelled,2022,9,19
ORD00196,CUST0165,2022-09-20,Mouse,2,Next Day,Bank Transfer,Cancelled,2022,9,20
ORD00267,CUST0015,2022-09-20,Tablet,5,Standard,Credit Card,Processing,2022,9,20
ORD00340,CUST0149,2022-09-21,Printer,4,Pickup,Bank Transfer,Shipped,2022,9,21
ORD00395,CUST0141,2022-09-22,Laptop,1,Standard,PayPal,Completed,2022,9,22
ORD00457,CUST0046,2022-09-23,Laptop,4,Pickup,Credit Card,Completed,2022,9,23
ORD00302,CUST0111,2022-09-24,Smartphone,5,Standard,Credit Card,Completed,2022,9,24
ORD00344,CUST0180,2022-09-24,Mouse,5,Standard,Debit Card,Completed,2022,9,24
ORD00298,CUST0140,2022-09-24,Printer,4,Express,Credit Card,Processing,2022,9,24
ORD00269,CUST0136,2022-09-25,Headphones,1,Pickup,Credit Card,Completed,2022,9,25
ORD00378,CUST0156,2022-09-25,Laptop,1,Standard,Bank Transfer,Shipped,2022,9,25
ORD00360,CUST0128,2022-09-26,Keyboard,1,Next Day,Bank Transfer,Shipped,2022,9,26
ORD00341,CUST0175,2022-09-26,Monitor,2,Next Day,Debit Card,Completed,2022,9,26
ORD00127,CUST0118,2022-09-26,Laptop,1,Express,Debit Card,Completed,2022,9,26
ORD00319,CUST0029,2022-09-26,Smartphone,3,Pickup,PayPal,Completed,2022,9,26
ORD00251,CUST0196,2022-09-28,Smartphone,5,Pickup,Bank Transfer,Cancelled,2022,9,28
ORD00280,CUST0164,2022-09-28,Printer,1,Pickup,Bank Transfer,Shipped,2022,9,28
ORD00368,CUST0199,2022-09-29,Monitor,2,Express,Debit Card,Completed,2022,9,29
ORD00291,CUST0134,2022-09-29,Keyboard,3,Next Day,PayPal,Processing,2022,9,29
ORD00210,CUST0039,2022-09-30,Keyboard,4,Next Day,Bank Transfer,Cancelled,2022,9,30
ORD00160,CUST0101,2022-09-30,Laptop,3,Next Day,Bank Transfer,Completed,2022,9,30
ORD00244,CUST0157,2022-09-30,Mouse,1,Express,Bank Transfer,Cancelled,2022,9,30
ORD00261,CUST0141,2022-09-30,Headphones,3,Standard,PayPal,Cancelled,2022,9,30
ORD00076,CUST0064,2022-10-01,Smartphone,3,Standard,Credit Card,Completed,2022,10,1
ORD00256,CUST0123,2022-10-01,Tablet,5,Standard,Debit Card,Processing,2022,10,1
ORD00201,CUST0154,2022-10-02,Keyboard,3,Pickup,Debit Card,Cancelled,2022,10,2
ORD00472,CUST0112,2022-10-02,Monitor,2,Standard,Credit Card,Completed,2022,10,2
ORD00337,CUST0115,2022-10-03,Monitor,4,Express,Bank Transfer,Completed,2022,10,3
ORD00416,CUST0114,2022-10-03,Monitor,2,Standard,Debit Card,Shipped,2022,10,3
ORD00177,CUST0120,2022-10-04,Laptop,1,Standard,Bank Transfer,Cancelled,2022,10,4
ORD00351,CUST0025,2022-10-05,Smartphone,2,Next Day,Credit Card,Completed,2022,10,5
ORD00249,CUST0183,2022-10-05,Printer,4,Express,PayPal,Completed,2022,10,5
ORD00371,CUST0088,2022-10-07,Keyboard,1,Standard,PayPal,Completed,2022,10,7
ORD00374,CUST0029,2022-10-10,Tablet,5,Standard,Bank Transfer,Shipped,2022,10,10
ORD00170,CUST0049,2022-10-10,Laptop,3,Express,Bank Transfer,Completed,2022,10,10
ORD00113,CUST0094,2022-10-10,Tablet,5,Express,PayPal,Completed,2022,10,10
ORD00299,CUST0141,2022-10-11,Mouse,4,Express,Debit Card,Shipped,2022,10,11
ORD00254,CUST0010,2022-10-11,Smartphone,1,Standard,Debit Card,Completed,2022,10,11
ORD00059,CUST0067,2022-10-13,Printer,2,Express,Bank Transfer,Completed,2022,10,13
ORD00106,CUST0066,2022-10-13,Printer,1,Standard,Credit Card,Completed,2022,10,13
ORD00231,CUST0134,2022-10-13,Keyboard,2,Express,Debit Card,Completed,2022,10,13
ORD00204,CUST0089,2022-10-14,Tablet,2,Next Day,PayPal,Cancelled,2022,10,14
ORD00164,CUST0143,2022-10-14,Printer,1,Pickup,PayPal,Processing,2022,10,14
ORD00037,CUST0111,2022-10-15,Keyboard,4,Standard,Bank Transfer,Shipped,2022,10,15
ORD00315,CUST0031,2022-10-16,Printer,3,Express,Debit Card,Completed,2022,10,16
ORD00097,CUST0152,2022-10-18,Tablet,3,Express,Debit Card,Completed,2022,10,18
ORD00476,CUST0029,2022-10-19,Keyboard,1,Express,Debit Card,Shipped,2022,10,19
ORD00218,CUST0023,2022-10-19,Tablet,4,Pickup,Credit Card,Completed,2022,10,19
ORD00258,CUST0097,2022-10-20,Smartphone,4,Standard,PayPal,Completed,2022,10,20
ORD00437,CUST0093,2022-10-20,Printer,5,Next Day,Credit Card,Completed,2022,10,20
ORD00045,CUST0119,2022-10-20,Laptop,2,Express,Credit Card,Processing,2022,10,20
ORD00234,CUST0179,2022-10-20,Smartphone,2,Pickup,Bank Transfer,Cancelled,2022,10,20
ORD00404,CUST0173,2022-10-20,Smartphone,1,Pickup,PayPal,Cancelled,2022,10,20
ORD00325,CUST0046,2022-10-21,Mouse,3,Pickup,Debit Card,Cancelled,2022,10,21
ORD00194,CUST0030,2022-10-22,Smartphone,3,Next Day,Credit Card,Completed,2022,10,22
ORD00323,CUST0151,2022-10-22,Tablet,5,Pickup,PayPal,Cancelled,2022,10,22
ORD00375,CUST0063,2022-10-23,Smartphone,1,Express,Debit Card,Completed,2022,10,23
ORD00003,CUST0155,2022-10-24,Printer,1,Standard,Bank Transfer,Processing,2022,10,24
ORD00168,CUST0094,2022-10-24,Headphones,4,Express,Credit Card,Processing,2022,10,24
ORD00156,CUST0130,2022-10-24,Laptop,4,Express,PayPal,Processing,2022,10,24
ORD00024,CUST0056,2022-10-26,Mouse,4,Next Day,Debit Card,Completed,2022,10,26
ORD00426,CUST0131,2022-10-26,Keyboard,5,Standard,Debit Card,Completed,2022,10,26
ORD00044,CUST0192,2022-10-28,Keyboard,3,Next Day,PayPal,Completed,2022,10,28
ORD00444,CUST0054,2022-10-28,Printer,5,Next Day,Debit Card,Cancelled,2022,10,28
ORD00171,CUST0069,2022-10-28,Headphones,3,Pickup,Bank Transfer,Cancelled,2022,10,28
ORD00242,CUST0155,2022-10-29,Monitor,2,Pickup,PayPal,Processing,2022,10,29
ORD00304,CUST0060,2022-10-30,Keyboard,2,Pickup,Credit Card,Processing,2022,10,30
ORD00362,CUST0187,2022-10-31,Mouse,3,Express,Bank Transfer,Completed,2022,10,31
ORD00252,CUST0086,2022-11-01,Monitor,5,Next Day,Credit Card,Completed,2022,11,1
ORD00080,CUST0109,2022-11-03,Laptop,2,Standard,Debit Card,Cancelled,2022,11,3
ORD00030,CUST0154,2022-11-03,Smartphone,2,Express,Bank Transfer,Cancelled,2022,11,3
ORD00014,CUST0081,2022-11-05,Laptop,4,Next Day,Debit Card,Completed,2022,11,5
ORD00475,CUST0036,2022-11-05,Tablet,4,Next Day,Credit Card,Completed,2022,11,5
ORD00365,CUST0182,2022-11-05,Laptop,1,Standard,Bank Transfer,Completed,2022,11,5
ORD00427,CUST0032,2022-11-06,Monitor,4,Standard,Credit Card,Shipped,2022,11,6
ORD00460,CUST0165,2022-11-08,Printer,1,Standard,Debit Card,Shipped,2022,11,8
ORD00390,CUST0189,2022-11-08,Monitor,5,Next Day,Bank Transfer,Shipped,2022,11,8
ORD00255,CUST0005,2022-11-09,Headphones,4,Express,Debit Card,Processing,2022,11,9
ORD00499,CUST0024,2022-11-09,Printer,4,Pickup,PayPal,Processing,2022,11,9
ORD00250,CUST0033,2022-11-09,Keyboard,2,Standard,Debit Card,Cancelled,2022,11,9
ORD00115,CUST0062,2022-11-10,Tablet,2,Express,PayPal,Completed,2022,11,10
ORD00350,CUST0063,2022-11-12,Tablet,2,Express,Debit Card,Cancelled,2022,11,12
ORD00488,CUST0140,2022-11-13,Headphones,2,Standard,Debit Card,Processing,2022,11,13
ORD00091,CUST0094,2022-11-14,Printer,1,Pickup,PayPal,Completed,2022,11,14
ORD00328,CUST0090,2022-11-16,Headphones,1,Next Day,Credit Card,Completed,2022,11,16
ORD00163,CUST0009,2022-11-17,Mouse,1,Standard,PayPal,Completed,2022,11,17
ORD00129,CUST0019,2022-11-17,Laptop,3,Next Day,PayPal,Processing,2022,11,17
ORD00005,CUST0026,2022-11-19,Mouse,2,Next Day,Bank Transfer,Processing,2022,11,19
ORD00301,CUST0190,2022-11-19,Monitor,3,Express,Credit Card,Shipped,2022,11,19
ORD00190,CUST0011,2022-11-19,Printer,4,Pickup,PayPal,Cancelled,2022,11,19
ORD00492,CUST0166,2022-11-20,Smartphone,1,Pickup,Bank Transfer,Completed,2022,11,20
ORD00347,CUST0154,2022-11-20,Keyboard,1,Next Day,Bank Transfer,Completed,2022,11,20
ORD00025,CUST0014,2022-11-21,Monitor,1,Next Day,Debit Card,Processing,2022,11,21
ORD00284,CUST0027,2022-11-21,Laptop,3,Standard,Credit Card,Completed,2022,11,21
ORD00326,CUST0101,2022-11-21,Headphones,3,Standard,PayPal,Completed,2022,11,21
ORD00175,CUST0078,2022-11-21,Mouse,2,Standard,Debit Card,Shipped,2022,11,21
ORD00011,CUST0063,2022-11-22,Tablet,1,Standard,PayPal,Processing,2022,11,22
ORD00219,CUST0063,2022-11-22,Smartphone,4,Next Day,Credit Card,Completed,2022,11,22
ORD00015,CUST0026,2022-11-23,Printer,5,Pickup,Bank Transfer,Shipped,2022,11,23
ORD00016,CUST0036,2022-11-23,Smartphone,5,Express,Debit Card,Completed,2022,11,23
ORD00086,CUST0021,2022-11-23,Keyboard,2,Next Day,Bank Transfer,Shipped,2022,11,23
ORD00142,CUST0100,2022-11-24,Monitor,1,Pickup,Bank Transfer,Completed,2022,11,24
ORD00074,CUST0180,2022-11-25,Mouse,5,Next Day,PayPal,Cancelled,2022,11,25
ORD00405,CUST0030,2022-11-25,Monitor,1,Next Day,PayPal,Shipped,2022,11,25
ORD00184,CUST0064,2022-11-26,Laptop,5,Next Day,Credit Card,Completed,2022,11,26
ORD00240,CUST0157,2022-11-27,Printer,3,Express,Debit Card,Completed,2022,11,27
ORD00489,CUST0020,2022-11-27,Headphones,1,Standard,Bank Transfer,Completed,2022,11,27
ORD00144,CUST0003,2022-11-27,Tablet,1,Pickup,Credit Card,Completed,2022,11,27
ORD00065,CUST0111,2022-11-28,Headphones,4,Pickup,PayPal,Processing,2022,11,28
ORD00247,CUST0097,2022-11-30,Smartphone,4,Pickup,PayPal,Completed,2022,11,30
ORD00100,CUST0131,2022-11-30,Headphones,5,Express,Debit Card,Processing,2022,11,30
ORD00372,CUST0161,2022-12-02,Tablet,1,Standard,PayPal,Completed,2022,12,2
ORD00420,CUST0132,2022-12-02,Tablet,5,Standard,Bank Transfer,Completed,2022,12,2
ORD00206,CUST0089,2022-12-03,Printer,3,Express,Credit Card,Completed,2022,12,3
ORD00222,CUST0145,2022-12-03,Mouse,2,Standard,PayPal,Processing,2022,12,3
ORD00469,CUST0151,2022-12-03,Headphones,1,Standard,Debit Card,Processing,2022,12,3
ORD00274,CUST0076,2022-12-04,Laptop,2,Standard,PayPal,Shipped,2022,12,4
ORD00297,CUST0107,2022-12-04,Mouse,1,Standard,PayPal,Completed,2022,12,4
ORD00410,CUST0001,2022-12-05,Laptop,3,Express,Bank Transfer,Completed,2022,12,5
ORD00221,CUST0153,2022-12-05,Laptop,4,Express,Credit Card,Completed,2022,12,5
ORD00187,CUST0064,2022-12-08,Headphones,3,Express,Bank Transfer,Completed,2022,12,8
ORD00349,CUST0035,2022-12-09,Smartphone,3,Express,Bank Transfer,Shipped,2022,12,9
ORD00166,CUST0038,2022-12-09,Tablet,4,Express,Credit Card,Completed,2022,12,9
ORD00467,CUST0007,2022-12-12,Smartphone,2,Next Day,Debit Card,Completed,2022,12,12
ORD00486,CUST0195,2022-12-14,Keyboard,1,Next Day,Credit Card,Completed,2022,12,14
ORD00232,CUST0067,2022-12-14,Tablet,2,Pickup,PayPal,Processing,2022,12,14
ORD00438,CUST0008,2022-12-15,Mouse,4,Express,Bank Transfer,Cancelled,2022,12,15
ORD00213,CUST0032,2022-12-15,Mouse,2,Express,Debit Card,Cancelled,2022,12,15
ORD00276,CUST0130,2022-12-15,Mouse,2,Express,PayPal,Shipped,2022,12,15
ORD00098,CUST0055,2022-12-17,Mouse,5,Next Day,PayPal,Processing,2022,12,17
ORD00389,CUST0063,2022-12-18,Laptop,3,Next Day,Bank Transfer,Processing,2022,12,18
ORD00154,CUST0013,2022-12-19,Laptop,2,Standard,Debit Card,Completed,2022,12,19
ORD00126,CUST0154,2022-12-21,Laptop,4,Express,PayPal,Cancelled,2022,12,21
ORD00345,CUST0057,2022-12-21,Keyboard,5,Next Day,PayPal,Shipped,2022,12,21
ORD00153,CUST0130,2022-12-23,Tablet,2,Express,Bank Transfer,Completed,2022,12,23
ORD00135,CUST0090,2022-12-25,Smartphone,4,Pickup,Credit Card,Cancelled,2022,12,25
ORD00087,CUST0198,2022-12-25,Keyboard,4,Pickup,Debit Card,Completed,2022,12,25
ORD00131,CUST0113,2022-12-26,Laptop,1,Pickup,Debit Card,Completed,2022,12,26
ORD00471,CUST0147,2022-12-26,Mouse,5,Pickup,Debit Card,Cancelled,2022,12,26
ORD00050,CUST0086,2022-12-26,Keyboard,4,Standard,Credit Card,Completed,2022,12,26
ORD00468,CUST0161,2022-12-26,Monitor,5,Pickup,Debit Card,Cancelled,2022,12,26
ORD00214,CUST0179,2022-12-27,Monitor,5,Express,Debit Card,Completed,2022,12,27
ORD00235,CUST0200,2022-12-27,Headphones,3,Express,Bank Transfer,Shipped,2022,12,27
ORD00285,CUST0069,2022-12-28,Smartphone,4,Next Day,Debit Card,Processing,2022,12,28
ORD00134,CUST0001,2022-12-28,Printer,4,Pickup,PayPal,Completed,2022,12,28
ORD00464,CUST0176,2022-12-28,Keyboard,1,Standard,Debit Card,Cancelled,2022,12,28
ORD00332,CUST0057,2022-12-28,Mouse,3,Pickup,Credit Card,Completed,2022,12,28
ORD00035,CUST0007,2022-12-28,Smartphone,3,Standard,Bank Transfer,Completed,2022,12,28
ORD00039,CUST0107,2022-12-30,Monitor,4,Pickup,Bank Transfer,Completed,2022,12,30
ORD00417,CUST0166,2022-12-30,Headphones,2,Pickup,Debit Card,Completed,2022,12,30
